probeID,name,gene,barcode,barcode_bases,base1_channel1,base1_channel2,base1_channel3,base1_channel4,base1_channel5,base1_channel6,base2_channel1,base2_channel2,base2_channel3,base2_channel4,base2_channel5,base2_channel6,base3_channel1,base3_channel2,base3_channel3,base3_channel4,base3_channel5,base3_channel6,base4_channel1,base4_channel2,base4_channel3,base4_channel4,base4_channel5,base4_channel6,base5_channel1,base5_channel2,base5_channel3,base5_channel4,base5_channel5,base5_channel6,SW_channel1,SW_channel2,SW_channel3,SW_channel4,SW_channel5,SW_channel6
P001.B01,Cxcl14_820_CCGA,Cxcl14,2CCGAC,CCGAA,0,1,0,1,0,0,0,1,0,1,0,0,0,1,0,0,1,0,0,1,1,0,0,0,0,1,1,0,0,0,0,0,0,0,0,0
P001.B02,Cxcl14_956_CCTT,Cxcl14,2CCTTC,CCTTA,0,1,0,1,0,0,0,1,0,1,0,0,0,1,0,0,0,1,0,1,0,0,0,1,0,1,1,0,0,0,0,0,0,0,0,0
P001.A03,Cxcl14_140_ACAA,Cxcl14,2ACAAC,ACAAA,0,1,1,0,0,0,0,1,0,1,0,0,0,1,1,0,0,0,0,1,1,0,0,0,0,1,1,0,0,0,0,0,0,0,0,0
P001.B03,Cxcl14_1024_CGAA,Cxcl14,2CGAAC,CGAAA,0,1,0,1,0,0,0,1,0,0,1,0,0,1,1,0,0,0,0,1,1,0,0,0,0,1,1,0,0,0,0,0,0,0,0,0
P001.B04,Cxcl14_1092_CGCT,Cxcl14,2CGCTC,CGCTA,0,1,0,1,0,0,0,1,0,0,1,0,0,1,0,1,0,0,0,1,0,0,0,1,0,1,1,0,0,0,0,0,0,0,0,0
P001.A05,Cxcl14_276_ACGG,Cxcl14,2ACGGC,ACGGA,0,1,1,0,0,0,0,1,0,1,0,0,0,1,0,0,1,0,0,1,0,0,1,0,0,1,1,0,0,0,0,0,0,0,0,0
P001.B05,Cxcl14_1160_CGTG,Cxcl14,2CGTGC,CGTGA,0,1,0,1,0,0,0,1,0,0,1,0,0,1,0,0,0,1,0,1,0,0,1,0,0,1,1,0,0,0,0,0,0,0,0,0
P001.A06,Cxcl14_344_AGAT,Cxcl14,2AGATC,AGATA,0,1,1,0,0,0,0,1,0,0,1,0,0,1,1,0,0,0,0,1,0,0,0,1,0,1,1,0,0,0,0,0,0,0,0,0
P001.A07,Cxcl14_412_AGCA,Cxcl14,2AGCAC,AGCAA,0,1,1,0,0,0,0,1,0,0,1,0,0,1,0,1,0,0,0,1,1,0,0,0,0,1,1,0,0,0,0,0,0,0,0,0
P001.B07,Cxcl14_1296_GACC,Cxcl14,2GACCC,GACCA,0,1,0,0,1,0,0,1,1,0,0,0,0,1,0,1,0,0,0,1,0,1,0,0,0,1,1,0,0,0,0,0,0,0,0,0
P001.A08,Cxcl14_480_ATAG,Cxcl14,2ATAGC,ATAGA,0,1,1,0,0,0,0,1,0,0,0,1,0,1,1,0,0,0,0,1,0,0,1,0,0,1,1,0,0,0,0,0,0,0,0,0
P001.B08,Cxcl14_1364_TCCA,Cxcl14,2TCCAC,TCCAA,0,1,0,0,0,1,0,1,0,1,0,0,0,1,0,1,0,0,0,1,1,0,0,0,0,1,1,0,0,0,0,0,0,0,0,0
P001.A09,Cxcl14_548_ATCT,Cxcl14,2ATCTC,ATCTA,0,1,1,0,0,0,0,1,0,0,0,1,0,1,0,1,0,0,0,1,0,0,0,1,0,1,1,0,0,0,0,0,0,0,0,0
P001.A10,Cxcl14_616_CAAG,Cxcl14,2CAAGC,CAAGA,0,1,0,1,0,0,0,1,1,0,0,0,0,1,1,0,0,0,0,1,0,0,1,0,0,1,1,0,0,0,0,0,0,0,0,0
P001.B10,Cxcl14_1500_TCTC,Cxcl14,2TCTCC,TCTCA,0,1,0,0,0,1,0,1,0,1,0,0,0,1,0,0,0,1,0,1,0,1,0,0,0,1,1,0,0,0,0,0,0,0,0,0
P001.A11,Cxcl14_684_CATC,Cxcl14,2CATCC,CATCA,0,1,0,1,0,0,0,1,1,0,0,0,0,1,0,0,0,1,0,1,0,1,0,0,0,1,1,0,0,0,0,0,0,0,0,0
P001.B11,Cxcl14_1568_TGCG,Cxcl14,2TGCGC,TGCGA,0,1,0,0,0,1,0,1,0,0,1,0,0,1,0,1,0,0,0,1,0,0,1,0,0,1,1,0,0,0,0,0,0,0,0,0
P002.A01,Reln_122_CTGC,Reln,4CTGCG,CTGCG,0,1,0,1,0,0,0,1,0,0,0,1,0,1,0,0,1,0,0,1,0,1,0,0,0,1,0,0,1,0,0,0,0,0,0,0
P002.B01,Reln_520_AAGG,Reln,4AAGGG,AAGGG,0,1,1,0,0,0,0,1,1,0,0,0,0,1,0,0,1,0,0,1,0,0,1,0,0,1,0,0,1,0,0,0,0,0,0,0
P002.C01,Reln_815_AATA,Reln,4AATAG,AATAG,0,1,1,0,0,0,0,1,1,0,0,0,0,1,0,0,0,1,0,1,1,0,0,0,0,1,0,0,1,0,0,0,0,0,0,0
P002.D01,Reln_1169_ACAT,Reln,4ACATG,ACATG,0,1,1,0,0,0,0,1,0,1,0,0,0,1,1,0,0,0,0,1,0,0,0,1,0,1,0,0,1,0,0,0,0,0,0,0
P002.E01,Reln_1287_GCAC,Reln,4GCACG,GCACG,0,1,0,0,1,0,0,1,0,1,0,0,0,1,1,0,0,0,0,1,0,1,0,0,0,1,0,0,1,0,0,0,0,0,0,0
P002.F01,Reln_1766_ACGC,Reln,4ACGCG,ACGCG,0,1,1,0,0,0,0,1,0,1,0,0,0,1,0,0,1,0,0,1,0,1,0,0,0,1,0,0,1,0,0,0,0,0,0,0
P002.G01,Reln_1840_AGAG,Reln,4AGAGG,AGAGG,0,1,1,0,0,0,0,1,0,0,1,0,0,1,1,0,0,0,0,1,0,0,1,0,0,1,0,0,1,0,0,0,0,0,0,0
P002.H01,Reln_2371_AGCC,Reln,4AGCCG,AGCCG,0,1,1,0,0,0,0,1,0,0,1,0,0,1,0,1,0,0,0,1,0,1,0,0,0,1,0,0,1,0,0,0,0,0,0,0
P002.A02,Reln_2843_AGGA,Reln,4AGGAG,AGGAG,0,1,1,0,0,0,0,1,0,0,1,0,0,1,0,0,1,0,0,1,1,0,0,0,0,1,0,0,1,0,0,0,0,0,0,0
P002.B02,Reln_4023_AGTT,Reln,4AGTTG,AGTTG,0,1,1,0,0,0,0,1,0,0,1,0,0,1,0,0,0,1,0,1,0,0,0,1,0,1,0,0,1,0,0,0,0,0,0,0
P002.C02,Reln_4141_ATAC,Reln,4ATACG,ATACG,0,1,1,0,0,0,0,1,0,0,0,1,0,1,1,0,0,0,0,1,0,1,0,0,0,1,0,0,1,0,0,0,0,0,0,0
P002.E02,Reln_4790_ATGT,Reln,4ATGTG,ATGTG,0,1,1,0,0,0,0,1,0,0,0,1,0,1,0,0,1,0,0,1,0,0,0,1,0,1,0,0,1,0,0,0,0,0,0,0
P002.G02,Reln_5837_GAAG,Reln,4GAAGG,GAAGG,0,1,0,0,1,0,0,1,1,0,0,0,0,1,1,0,0,0,0,1,0,0,1,0,0,1,0,0,1,0,0,0,0,0,0,0
P002.A03,Reln_6073_CAGA,Reln,4CAGAG,CAGAG,0,1,0,1,0,0,0,1,1,0,0,0,0,1,0,0,1,0,0,1,1,0,0,0,0,1,0,0,1,0,0,0,0,0,0,0
P002.B03,Reln_6427_CCAG,Reln,4CCAGG,CCAGG,0,1,0,1,0,0,0,1,0,1,0,0,0,1,1,0,0,0,0,1,0,0,1,0,0,1,0,0,1,0,0,0,0,0,0,0
P002.C03,Reln_7867_CCGT,Reln,4CCGTG,CCGTG,0,1,0,1,0,0,0,1,0,1,0,0,0,1,0,0,1,0,0,1,0,0,0,1,0,1,0,0,1,0,0,0,0,0,0,0
P002.E03,Reln_8829_CGAC,Reln,4CGACG,CGACG,0,1,0,1,0,0,0,1,0,0,1,0,0,1,1,0,0,0,0,1,0,1,0,0,0,1,0,0,1,0,0,0,0,0,0,0
P002.H03,Reln_11650_CTCT,Reln,4CTCTG,CTCTG,0,1,0,1,0,0,0,1,0,0,0,1,0,1,0,1,0,0,0,1,0,0,0,1,0,1,0,0,1,0,0,0,0,0,0,0
P002.A04,Htr3a_21_AAGT,Htr3a,1AAGTA,AAGTT,0,1,1,0,0,0,0,1,1,0,0,0,0,1,0,0,1,0,0,1,0,0,0,1,0,1,0,0,0,1,0,0,0,0,0,0
P002.B04,Htr3a_89_CACT,Htr3a,1CACTA,CACTT,0,1,0,1,0,0,0,1,1,0,0,0,0,1,0,1,0,0,0,1,0,0,0,1,0,1,0,0,0,1,0,0,0,0,0,0
P002.C04,Htr3a_247_CAGC,Htr3a,1CAGCA,CAGCT,0,1,0,1,0,0,0,1,1,0,0,0,0,1,0,0,1,0,0,1,0,1,0,0,0,1,0,0,0,1,0,0,0,0,0,0
P002.D04,Htr3a_306_CATA,Htr3a,1CATAA,CATAT,0,1,0,1,0,0,0,1,1,0,0,0,0,1,0,0,0,1,0,1,1,0,0,0,0,1,0,0,0,1,0,0,0,0,0,0
P002.E04,Htr3a_424_CGGT,Htr3a,1CGGTA,CGGTT,0,1,0,1,0,0,0,1,0,0,1,0,0,1,0,0,1,0,0,1,0,0,0,1,0,1,0,0,0,1,0,0,0,0,0,0
P002.F04,Htr3a_542_GATG,Htr3a,1GATGA,GATGT,0,1,0,0,1,0,0,1,1,0,0,0,0,1,0,0,0,1,0,1,0,0,1,0,0,1,0,0,0,1,0,0,0,0,0,0
P002.G04,Htr3a_660_GCAG,Htr3a,1GCAGA,GCAGT,0,1,0,0,1,0,0,1,0,1,0,0,0,1,1,0,0,0,0,1,0,0,1,0,0,1,0,0,0,1,0,0,0,0,0,0
P002.H04,Htr3a_837_GCCA,Htr3a,1GCCAA,GCCAT,0,1,0,0,1,0,0,1,0,1,0,0,0,1,0,1,0,0,0,1,1,0,0,0,0,1,0,0,0,1,0,0,0,0,0,0
P002.A05,Htr3a_955_GCTC,Htr3a,1GCTCA,GCTCT,0,1,0,0,1,0,0,1,0,1,0,0,0,1,0,0,0,1,0,1,0,1,0,0,0,1,0,0,0,1,0,0,0,0,0,0
P002.B05,Htr3a_1014_GGAC,Htr3a,1GGACA,GGACT,0,1,0,0,1,0,0,1,0,0,1,0,0,1,1,0,0,0,0,1,0,1,0,0,0,1,0,0,0,1,0,0,0,0,0,0
P002.C05,Htr3a_1073_GGCT,Htr3a,1GGCTA,GGCTT,0,1,0,0,1,0,0,1,0,0,1,0,0,1,0,1,0,0,0,1,0,0,0,1,0,1,0,0,0,1,0,0,0,0,0,0
P002.D05,Htr3a_1132_GGTA,Htr3a,1GGTAA,GGTAT,0,1,0,0,1,0,0,1,0,0,1,0,0,1,0,0,0,1,0,1,1,0,0,0,0,1,0,0,0,1,0,0,0,0,0,0
P002.E05,Htr3a_1309_GTAA,Htr3a,1GTAAA,GTAAT,0,1,0,0,1,0,0,1,0,0,0,1,0,1,1,0,0,0,0,1,1,0,0,0,0,1,0,0,0,1,0,0,0,0,0,0
P002.F05,Htr3a_1446_GTCG,Htr3a,1GTCGA,GTCGT,0,1,0,0,1,0,0,1,0,0,0,1,0,1,0,1,0,0,0,1,0,0,1,0,0,1,0,0,0,1,0,0,0,0,0,0
P002.G05,Htr3a_1505_GTGC,Htr3a,1GTGCA,GTGCT,0,1,0,0,1,0,0,1,0,0,0,1,0,1,0,0,1,0,0,1,0,1,0,0,0,1,0,0,0,1,0,0,0,0,0,0
P002.H05,Htr3a_1573_TAAC,Htr3a,1TAACA,TAACT,0,1,0,0,0,1,0,1,1,0,0,0,0,1,1,0,0,0,0,1,0,1,0,0,0,1,0,0,0,1,0,0,0,0,0,0
P002.B06,Htr3a_1691_TAGG,Htr3a,1TAGGA,TAGGT,0,1,0,0,0,1,0,1,1,0,0,0,0,1,0,0,1,0,0,1,0,0,1,0,0,1,0,0,0,1,0,0,0,0,0,0
P002.C06,Htr3a_1750_TATT,Htr3a,1TATTA,TATTT,0,1,0,0,0,1,0,1,1,0,0,0,0,1,0,0,0,1,0,1,0,0,0,1,0,1,0,0,0,1,0,0,0,0,0,0
P002.D06,Htr3a_1809_TCAA,Htr3a,1TCAAA,TCAAT,0,1,0,0,0,1,0,1,0,1,0,0,0,1,1,0,0,0,0,1,1,0,0,0,0,1,0,0,0,1,0,0,0,0,0,0
P002.E06,Htr3a_1868_TCCT,Htr3a,1TCCTA,TCCTT,0,1,0,0,0,1,0,1,0,1,0,0,0,1,0,1,0,0,0,1,0,0,0,1,0,1,0,0,0,1,0,0,0,0,0,0
P002.F06,Htr3a_1927_TCGC,Htr3a,1TCGCA,TCGCT,0,1,0,0,0,1,0,1,0,1,0,0,0,1,0,0,1,0,0,1,0,1,0,0,0,1,0,0,0,1,0,0,0,0,0,0
P002.G06,Htr3a_1986_TCTG,Htr3a,1TCTGA,TCTGT,0,1,0,0,0,1,0,1,0,1,0,0,0,1,0,0,0,1,0,1,0,0,1,0,0,1,0,0,0,1,0,0,0,0,0,0
P002.H06,Htr3a_2045_TGGA,Htr3a,1TGGAA,TGGAT,0,1,0,0,0,1,0,1,0,0,1,0,0,1,0,0,1,0,0,1,1,0,0,0,0,1,0,0,0,1,0,0,0,0,0,0
P003.A01,Vip_1372,Vip,3GCTAT,GCTAC,0,1,0,0,1,0,0,1,0,1,0,0,0,1,0,0,0,1,0,1,1,0,0,0,0,1,0,1,0,0,0,0,0,0,0,0
P003.F01,Cnr1_5541,Cnr1,1AGCGA,AGCGT,0,1,1,0,0,0,0,1,0,0,1,0,0,1,0,1,0,0,0,1,0,0,1,0,0,1,0,0,0,1,0,0,0,0,0,0
P003.C02,Nrn1_1354,Nrn1,1CGAGA,CGAGT,0,1,0,1,0,0,0,1,0,0,1,0,0,1,1,0,0,0,0,1,0,0,1,0,0,1,0,0,0,1,0,0,0,0,0,0
P003.H02,Slc6a1_3904,Slc6a1,1GAGAA,GAGAT,0,1,0,0,1,0,0,1,1,0,0,0,0,1,0,0,1,0,0,1,1,0,0,0,0,1,0,0,0,1,0,0,0,0,0,0
P003.E03,Lhx6_v1_3321,Lhx6,1TTAGA,TTAGT,0,1,0,0,0,1,0,1,0,0,0,1,0,1,1,0,0,0,0,1,0,0,1,0,0,1,0,0,0,1,0,0,0,0,0,0
P003.B04,Chrm2_1858,Chrm2,2CAGTC,CAGTA,0,1,0,1,0,0,0,1,1,0,0,0,0,1,0,0,1,0,0,1,0,0,0,1,0,1,1,0,0,0,0,0,0,0,0,0
P003.G04,Ndnf_4308,Ndnf,2GCCTC,GCCTA,0,1,0,0,1,0,0,1,0,1,0,0,0,1,0,1,0,0,0,1,0,0,0,1,0,1,1,0,0,0,0,0,0,0,0,0
P003.D05,Penk_1282,Penk,2GTACC,GTACA,0,1,0,0,1,0,0,1,0,0,0,1,0,1,1,0,0,0,0,1,0,1,0,0,0,1,1,0,0,0,0,0,0,0,0,0
P003.A06,Lamp5_1739,Lamp5,2TCAGC,TCAGA,0,1,0,0,0,1,0,1,0,1,0,0,0,1,1,0,0,0,0,1,0,0,1,0,0,1,1,0,0,0,0,0,0,0,0,0
P003.F06,Cdh13_3351,Cdh13,2TTGAC,TTGAA,0,1,0,0,0,1,0,1,0,0,0,1,0,1,0,0,1,0,0,1,1,0,0,0,0,1,1,0,0,0,0,0,0,0,0,0
P003.G06,Cdh13_2195,Cdh13,3AACAT,AACAC,0,1,1,0,0,0,0,1,1,0,0,0,0,1,0,1,0,0,0,1,1,0,0,0,0,1,0,1,0,0,0,0,0,0,0,0
P003.C07,Fos_1796,Fos,3AAGCT,AAGCC,0,1,1,0,0,0,0,1,1,0,0,0,0,1,0,0,1,0,0,1,0,1,0,0,0,1,0,1,0,0,0,0,0,0,0,0
P003.H07,Rorb_8435,Rorb,3AAATT,AAATC,0,1,1,0,0,0,0,1,1,0,0,0,0,1,1,0,0,0,0,1,0,0,0,1,0,1,0,1,0,0,0,0,0,0,0,0
P003.E08,Calb2_1328,Calb2,3AATGT,AATGC,0,1,1,0,0,0,0,1,1,0,0,0,0,1,0,0,0,1,0,1,0,0,1,0,0,1,0,1,0,0,0,0,0,0,0,0
P003.B09,Calb1_2547,Calb1,1ACGAA,ACGAT,0,1,1,0,0,0,0,1,0,1,0,0,0,1,0,0,1,0,0,1,1,0,0,0,0,1,0,0,0,1,0,0,0,0,0,0
P003.G09,Enpp2_v1_2863,Enpp2,3ACAGT,ACAGC,0,1,1,0,0,0,0,1,0,1,0,0,0,1,1,0,0,0,0,1,0,0,1,0,0,1,0,1,0,0,0,0,0,0,0,0
P003.D10,Cck_v1_637,Cck,3ACTCT,ACTCC,0,1,1,0,0,0,0,1,0,1,0,0,0,1,0,0,0,1,0,1,0,1,0,0,0,1,0,1,0,0,0,0,0,0,0,0
P003.A11,Chodl_2252,Chodl,3AGTAT,AGTAC,0,1,1,0,0,0,0,1,0,0,1,0,0,1,0,0,0,1,0,1,1,0,0,0,0,1,0,1,0,0,0,0,0,0,0,0
P003.F11,Plp1_v1_2936,Plp1,3ATAAT,ATAAC,0,1,1,0,0,0,0,1,0,0,0,1,0,1,1,0,0,0,0,1,1,0,0,0,0,1,0,1,0,0,0,0,0,0,0,0
P004.A01,3110035E14Rik_1862,3110035E14Rik,1AAAGA,AAAGT,0,1,1,0,0,0,0,1,1,0,0,0,0,1,1,0,0,0,0,1,0,0,1,0,0,1,0,0,0,1,0,0,0,0,0,0
P004.H01,Atp1b1_1105,Atp1b1,1AGAAA,AGAAT,0,1,1,0,0,0,0,1,0,0,1,0,0,1,1,0,0,0,0,1,1,0,0,0,0,1,0,0,0,1,0,0,0,0,0,0
P004.D02,Bcl11b_3193,Bcl11b,1ATGGA,ATGGT,0,1,1,0,0,0,0,1,0,0,0,1,0,1,0,0,1,0,0,1,0,0,1,0,0,1,0,0,0,1,0,0,0,0,0,0
P004.C03,Sst_290,Sst,1CTGAA,CTGAT,0,1,0,1,0,0,0,1,0,0,0,1,0,1,0,0,1,0,0,1,1,0,0,0,0,1,0,0,0,1,0,0,0,0,0,0
P004.C04,Cort_326,Cort,1TGATA,TGATT,0,1,0,0,0,1,0,1,0,0,1,0,0,1,1,0,0,0,0,1,0,0,0,1,0,1,0,0,0,1,0,0,0,0,0,0
P004.E04,Crhbp_1173,Crhbp,1TGCCA,TGCCT,0,1,0,0,0,1,0,1,0,0,1,0,0,1,0,1,0,0,0,1,0,1,0,0,0,1,0,0,0,1,0,0,0,0,0,0
P004.H05,Crym_1079,Crym,2CTGGC,CTGGA,0,1,0,1,0,0,0,1,0,0,0,1,0,1,0,0,1,0,0,1,0,0,1,0,0,1,1,0,0,0,0,0,0,0,0,0
P004.E06,Fxyd6_1286,Fxyd6,2GAGGC,GAGGA,0,1,0,0,1,0,0,1,1,0,0,0,0,1,0,0,1,0,0,1,0,0,1,0,0,1,1,0,0,0,0,0,0,0,0,0
P004.G07,Gabrd_1338,Gabrd,2GCTGC,GCTGA,0,1,0,0,1,0,0,1,0,1,0,0,0,1,0,0,0,1,0,1,0,0,1,0,0,1,1,0,0,0,0,0,0,0,0,0
P004.D08,Grin3a_1436,Grin3a,2GGGAC,GGGAA,0,1,0,0,1,0,0,1,0,0,1,0,0,1,0,0,1,0,0,1,1,0,0,0,0,1,1,0,0,0,0,0,0,0,0,0
P004.A09,Hapln1_1121,Hapln1,2GGTCC,GGTCA,0,1,0,0,1,0,0,1,0,0,1,0,0,1,0,0,0,1,0,1,0,1,0,0,0,1,1,0,0,0,0,0,0,0,0,0
P004.B10,Kit_1020,Kit,2TTCCC,TTCCA,0,1,0,0,0,1,0,1,0,0,0,1,0,1,0,1,0,0,0,1,0,1,0,0,0,1,1,0,0,0,0,0,0,0,0,0
P004.G10,Nos1_2162,Nos1,2TTTGC,TTTGA,0,1,0,0,0,1,0,1,0,0,0,1,0,1,0,0,0,1,0,1,0,0,1,0,0,1,1,0,0,0,0,0,0,0,0,0
P004.A11,Npy2r_1294,Npy2r,3ACCTT,ACCTC,0,1,1,0,0,0,0,1,0,1,0,0,0,1,0,1,0,0,0,1,0,0,0,1,0,1,0,1,0,0,0,0,0,0,0,0
P004.E12,Pcp4_120,Pcp4,3ATCCT,ATCCC,0,1,1,0,0,0,0,1,0,0,0,1,0,1,0,1,0,0,0,1,0,1,0,0,0,1,0,1,0,0,0,0,0,0,0,0
P005.B01,Pthlh_1148,Pthlh,3CATTT,CATTC,0,1,0,1,0,0,0,1,1,0,0,0,0,1,0,0,0,1,0,1,0,0,0,1,0,1,0,1,0,0,0,0,0,0,0,0
P005.G01,Qrfpr_1080,Qrfpr,3CGGAT,CGGAC,0,1,0,1,0,0,0,1,0,0,1,0,0,1,0,0,1,0,0,1,1,0,0,0,0,1,0,1,0,0,0,0,0,0,0,0
P005.D02,Rab3c_1858,Rab3c,3CGTCT,CGTCC,0,1,0,1,0,0,0,1,0,0,1,0,0,1,0,0,0,1,0,1,0,1,0,0,0,1,0,1,0,0,0,0,0,0,0,0
P005.H02,Rgs12_2804,Rgs12,3CTACT,CTACC,0,1,0,1,0,0,0,1,0,0,0,1,0,1,1,0,0,0,0,1,0,1,0,0,0,1,0,1,0,0,0,0,0,0,0,0
P005.E03,Rgs4_1118,Rgs4,3CTCAT,CTCAC,0,1,0,1,0,0,0,1,0,0,0,1,0,1,0,1,0,0,0,1,1,0,0,0,0,1,0,1,0,0,0,0,0,0,0,0
P005.B04,Satb1_1670,Satb1,3CTGTT,CTGTC,0,1,0,1,0,0,0,1,0,0,0,1,0,1,0,0,1,0,0,1,0,0,0,1,0,1,0,1,0,0,0,0,0,0,0,0
P005.G04,Sema3c_1449,Sema3c,3CTTGT,CTTGC,0,1,0,1,0,0,0,1,0,0,0,1,0,1,0,0,0,1,0,1,0,0,1,0,0,1,0,1,0,0,0,0,0,0,0,0
P005.C05,Slc17a8_1279,Slc17a8,3GAGTT,GAGTC,0,1,0,0,1,0,0,1,1,0,0,0,0,1,0,0,1,0,0,1,0,0,0,1,0,1,0,1,0,0,0,0,0,0,0,0
P005.H05,Cpne5_2194,Cpne5,3GATCT,GATCC,0,1,0,0,1,0,0,1,1,0,0,0,0,1,0,0,0,1,0,1,0,1,0,0,0,1,0,1,0,0,0,0,0,0,0,0
P005.E06,Gad1_341,Gad1,3GCCGT,GCCGC,0,1,0,0,1,0,0,1,0,1,0,0,0,1,0,1,0,0,0,1,0,0,1,0,0,1,0,1,0,0,0,0,0,0,0,0
P005.G07,Slc24a2_2488,Slc24a2,3GGATT,GGATC,0,1,0,0,1,0,0,1,0,0,1,0,0,1,1,0,0,0,0,1,0,0,0,1,0,1,0,1,0,0,0,0,0,0,0,0
P005.D08,Sncg_232,Sncg,3GTAGT,GTAGC,0,1,0,0,1,0,0,1,0,0,0,1,0,1,1,0,0,0,0,1,0,0,1,0,0,1,0,1,0,0,0,0,0,0,0,0
P005.A09,Tac1_161,Tac1,3GTCTT,GTCTC,0,1,0,0,1,0,0,1,0,0,0,1,0,1,0,1,0,0,0,1,0,0,0,1,0,1,0,1,0,0,0,0,0,0,0,0
P005.F09,Tac2_248,Tac2,3GTGAT,GTGAC,0,1,0,0,1,0,0,1,0,0,0,1,0,1,0,0,1,0,0,1,1,0,0,0,0,1,0,1,0,0,0,0,0,0,0,0
P005.C10,Th_1282,Th,3TACTT,TACTC,0,1,0,0,0,1,0,1,1,0,0,0,0,1,0,1,0,0,0,1,0,0,0,1,0,1,0,1,0,0,0,0,0,0,0,0
P005.G10,Wfs1_1350,Wfs1,3TAAGT,TAAGC,0,1,0,0,0,1,0,1,1,0,0,0,0,1,1,0,0,0,0,1,0,0,1,0,0,1,0,1,0,0,0,0,0,0,0,0
P005.D11,Pde1a_334,Pde1a,4ATCGG,ATCGG,0,1,1,0,0,0,0,1,0,0,0,1,0,1,0,1,0,0,0,1,0,0,1,0,0,1,0,0,1,0,0,0,0,0,0,0
P005.H11,Crh_1187,Crh,4CGTAG,CGTAG,0,1,0,1,0,0,0,1,0,0,1,0,0,1,0,0,0,1,0,1,1,0,0,0,0,1,0,0,1,0,0,0,0,0,0,0
P005.B12,Pvalb_220,Pvalb,4GACTG,GACTG,0,1,0,0,1,0,0,1,1,0,0,0,0,1,0,1,0,0,0,1,0,0,0,1,0,1,0,0,1,0,0,0,0,0,0,0
P008.H03,Calm2_433,Calm2,3CACCT,CACCC,0,1,0,1,0,0,0,1,1,0,0,0,0,1,0,1,0,0,0,1,0,1,0,0,0,1,0,1,0,0,0,0,0,0,0,0
P008.B04,Cox6a2_120,Cox6a2,2GTTTC,GTTTA,0,1,0,0,1,0,0,1,0,0,0,1,0,1,0,0,0,1,0,1,0,0,0,1,0,1,1,0,0,0,0,0,0,0,0,0
P008.H07,Enc1_700,Enc1,4CAATG,CAATG,0,1,0,1,0,0,0,1,1,0,0,0,0,1,1,0,0,0,0,1,0,0,0,1,0,1,0,0,1,0,0,0,0,0,0,0
P008.D10,Fam19a1_188,Fam19a1,3TGTTT,TGTTC,0,1,0,0,0,1,0,1,0,0,1,0,0,1,0,0,0,1,0,1,0,0,0,1,0,1,0,1,0,0,0,0,0,0,0,0
P009.D01,Gap43_155,Gap43,3TTCGT,TTCGC,0,1,0,0,0,1,0,1,0,0,0,1,0,1,0,1,0,0,0,1,0,0,1,0,0,1,0,1,0,0,0,0,0,0,0,0
P009.A03,Id2_124,Id2,4GCTTG,GCTTG,0,1,0,0,1,0,0,1,0,1,0,0,0,1,0,0,0,1,0,1,0,0,0,1,0,1,0,0,1,0,0,0,0,0,0,0
P009.H05,Neurod6_46,Neurod6,3TTGCT,TTGCC,0,1,0,0,0,1,0,1,0,0,0,1,0,1,0,0,1,0,0,1,0,1,0,0,0,1,0,1,0,0,0,0,0,0,0,0
P009.D12,Rgs10_108,Rgs10,2CCACC,CCACA,0,1,0,1,0,0,0,1,0,1,0,0,0,1,1,0,0,0,0,1,0,1,0,0,0,1,1,0,0,0,0,0,0,0,0,0
P010.B02,Scg2_394,Scg2,3TCATT,TCATC,0,1,0,0,0,1,0,1,0,1,0,0,0,1,1,0,0,0,0,1,0,0,0,1,0,1,0,1,0,0,0,0,0,0,0,0
P010.B03,Serpini1_238,Serpini1,2TGTAC,TGTAA,0,1,0,0,0,1,0,1,0,0,1,0,0,1,0,0,0,1,0,1,1,0,0,0,0,1,1,0,0,0,0,0,0,0,0,0
P010.A04,Snca_14,Snca,2ACCCC,ACCCA,0,1,1,0,0,0,0,1,0,1,0,0,0,1,0,1,0,0,0,1,0,1,0,0,0,1,1,0,0,0,0,0,0,0,0,0
P010.D05,Synpr_260,Synpr,2ATTAC,ATTAA,0,1,1,0,0,0,0,1,0,0,0,1,0,1,0,0,0,1,0,1,1,0,0,0,0,1,1,0,0,0,0,0,0,0,0,0
P010.E06,Zcchc12_251,Zcchc12,2CTATC,CTATA,0,1,0,1,0,0,0,1,0,0,0,1,0,1,1,0,0,0,0,1,0,0,0,1,0,1,1,0,0,0,0,0,0,0,0,0
P010.G07,Arpp21_393,Arpp21,3GGTGT,GGTGC,0,1,0,0,1,0,0,1,0,0,1,0,0,1,0,0,0,1,0,1,0,0,1,0,0,1,0,1,0,0,0,0,0,0,0,0
P010.F09,Cxcl14_752,Cxcl14,1AGTCA,AGTCT,0,1,1,0,0,0,0,1,0,0,1,0,0,1,0,0,0,1,0,1,0,1,0,0,0,1,0,0,0,1,0,0,0,0,0,0
P010.E10,Rprm_654,Rprm,1TTGTA,TTGTT,0,1,0,0,0,1,0,1,0,0,0,1,0,1,0,0,1,0,0,1,0,0,0,1,0,1,0,0,0,1,0,0,0,0,0,0
P010.F10,Sulf2_731,Sulf2,3TCCCT,TCCCC,0,1,0,0,0,1,0,1,0,1,0,0,0,1,0,1,0,0,0,1,0,1,0,0,0,1,0,1,0,0,0,0,0,0,0,0
P011.A01,Kctd12_5363,Kctd12,4GGAAG,GGAAG,0,1,0,0,1,0,0,1,0,0,1,0,0,1,1,0,0,0,0,1,1,0,0,0,0,1,0,0,1,0,0,0,0,0,0,0
P011.D01,Vsnl1_1754,Vsnl1,3AGGGT,AGGGC,0,1,1,0,0,0,0,1,0,0,1,0,0,1,0,0,1,0,0,1,0,0,1,0,0,1,0,1,0,0,0,0,0,0,0,0
P011.G02,Prkca_7702,Prkca,1TACAA,TACAT,0,1,0,0,0,1,0,1,1,0,0,0,0,1,0,1,0,0,0,1,1,0,0,0,0,1,0,0,0,1,0,0,0,0,0,0
P011.D04,Nrsn1_1753,Nrsn1,3TAGAT,TAGAC,0,1,0,0,0,1,0,1,1,0,0,0,0,1,0,0,1,0,0,1,1,0,0,0,0,1,0,1,0,0,0,0,0,0,0,0
P011.H04,Cplx2_4303,Cplx2,4GTTAG,GTTAG,0,1,0,0,1,0,0,1,0,0,0,1,0,1,0,0,0,1,0,1,1,0,0,0,0,1,0,0,1,0,0,0,0,0,0,0
P011.F05,Trp53i11_2194,Trp53i11,4TCCGG,TCCGG,0,1,0,0,0,1,0,1,0,1,0,0,0,1,0,1,0,0,0,1,0,0,1,0,0,1,0,0,1,0,0,0,0,0,0,0
P011.E06,6330403K07Rik_1380,6330403K07Rik,4CGGGG,CGGGG,0,1,0,1,0,0,0,1,0,0,1,0,0,1,0,0,1,0,0,1,0,0,1,0,0,1,0,0,1,0,0,0,0,0,0,0
P011.E07,Col25a1_7013,Col25a1,4TGCTG,TGCTG,0,1,0,0,0,1,0,1,0,0,1,0,0,1,0,1,0,0,0,1,0,0,0,1,0,1,0,0,1,0,0,0,0,0,0,0
P011.F09,Cryab_672,Cryab,4GGCGG,GGCGG,0,1,0,0,1,0,0,1,0,0,1,0,0,1,0,1,0,0,0,1,0,0,1,0,0,1,0,0,1,0,0,0,0,0,0,0
P011.F10,Tmsb10_361,Tmsb10,4GCGGG,GCGGG,0,1,0,0,1,0,0,1,0,1,0,0,0,1,0,0,1,0,0,1,0,0,1,0,0,1,0,0,1,0,0,0,0,0,0,0
P011.H10,Rbp4_1112,Rbp4,4GTCCG,GTCCG,0,1,0,0,1,0,0,1,0,0,0,1,0,1,0,1,0,0,0,1,0,1,0,0,0,1,0,0,1,0,0,0,0,0,0,0
P011.F11,Cadps2_1123,Cadps2,4TGTCG,TGTCG,0,1,0,0,0,1,0,1,0,0,1,0,0,1,0,0,0,1,0,1,0,1,0,0,0,1,0,0,1,0,0,0,0,0,0,0
P012.A01,Pnoc_2100,Pnoc,4TTGGG,TTGGG,0,1,0,0,0,1,0,1,0,0,0,1,0,1,0,0,1,0,0,1,0,0,1,0,0,1,0,0,1,0,0,0,0,0,0,0
P012.C03,Ntng1_1870,Ntng1,4GGGCG,GGGCG,0,1,0,0,1,0,0,1,0,0,1,0,0,1,0,0,1,0,0,1,0,1,0,0,0,1,0,0,1,0,0,0,0,0,0,0
P012.B04,Yjefn3_686,Yjefn3,1TTTAA,TTTAT,0,1,0,0,0,1,0,1,0,0,0,1,0,1,0,0,0,1,0,1,1,0,0,0,0,1,0,0,0,1,0,0,0,0,0,0
S01929,Aldoc_DO2_TGGT,Aldoc,2TGGTC,TGGTA,0,1,0,0,0,1,0,1,0,0,1,0,0,1,0,0,1,0,0,1,0,0,0,1,0,1,1,0,0,0,0,0,0,0,0,0
S01931,Htr3a_DO2_CGGC,Htr3a,2CGGCC,CGGCA,0,1,0,1,0,0,0,1,0,0,1,0,0,1,0,0,1,0,0,1,0,1,0,0,0,1,1,0,0,0,0,0,0,0,0,0
S01939,Rasgrf2_DO2_CACA,Rasgrf2,2CACAC,CACAA,0,1,0,1,0,0,0,1,1,0,0,0,0,1,0,1,0,0,0,1,1,0,0,0,0,1,1,0,0,0,0,0,0,0,0,0
S01940,Plcxd2_DO3_GAAA,Plcxd2,3GAAAT,GAAAC,0,1,0,0,1,0,0,1,1,0,0,0,0,1,1,0,0,0,0,1,1,0,0,0,0,1,0,1,0,0,0,0,0,0,0,0
S01941,Plcxd2_DO3_GGCC,Plcxd2,3GGCCT,GGCCC,0,1,0,0,1,0,0,1,0,0,1,0,0,1,0,1,0,0,0,1,0,1,0,0,0,1,0,1,0,0,0,0,0,0,0,0
S01942,Kcnk2_DO4_ACCA,Kcnk2,4ACCAG,ACCAG,0,1,1,0,0,0,0,1,0,1,0,0,0,1,0,1,0,0,0,1,1,0,0,0,0,1,0,0,1,0,0,0,0,0,0,0
S02468,Nr4a2_DO2_TAAT,Nr4a2,2TAATC,TAATA,0,1,0,0,0,1,0,1,1,0,0,0,0,1,1,0,0,0,0,1,0,0,0,1,0,1,1,0,0,0,0,0,0,0,0,0
S02472,Thsd7a_DO4_TTAA,Thsd7a,4TTAAG,TTAAG,0,1,0,0,0,1,0,1,0,0,0,1,0,1,1,0,0,0,0,1,1,0,0,0,0,1,0,0,1,0,0,0,0,0,0,0
S02473,Rorb_DO3_CCGG,Rorb,3CCGGT,CCGGC,0,1,0,1,0,0,0,1,0,1,0,0,0,1,0,0,1,0,0,1,0,0,1,0,0,1,0,1,0,0,0,0,0,0,0,0
S02474,Cux2_DO2_GGAG,Cux2,2GGAGC,GGAGA,0,1,0,0,1,0,0,1,0,0,1,0,0,1,1,0,0,0,0,1,0,0,1,0,0,1,1,0,0,0,0,0,0,0,0,0
S02475,Pvrl3_DO2_AATT,Pvrl3,2AATTC,AATTA,0,1,1,0,0,0,0,1,1,0,0,0,0,1,0,0,0,1,0,1,0,0,0,1,0,1,1,0,0,0,0,0,0,0,0,0
S02477,Gda_DO4_TAGC,Gda,4TAGCG,TAGCG,0,1,0,0,0,1,0,1,1,0,0,0,0,1,0,0,1,0,0,1,0,1,0,0,0,1,0,0,1,0,0,0,0,0,0,0
S02479,Pax6_DO3_TGAC,Pax6,3TGACT,TGACC,0,1,0,0,0,1,0,1,0,0,1,0,0,1,1,0,0,0,0,1,0,1,0,0,0,1,0,1,0,0,0,0,0,0,0,0
S02483,Nov_DO2_ATGC,Nov,2ATGCC,ATGCA,0,1,1,0,0,0,0,1,0,0,0,1,0,1,0,0,1,0,0,1,0,1,0,0,0,1,1,0,0,0,0,0,0,0,0,0
S02484,Rgs10_DO2_GTCA,Rgs10,2GTCAC,GTCAA,0,1,0,0,1,0,0,1,0,0,0,1,0,1,0,1,0,0,0,1,1,0,0,0,0,1,1,0,0,0,0,0,0,0,0,0
S02486,Lphn2_DO4_TCGA,Lphn2,4TCGAG,TCGAG,0,1,0,0,0,1,0,1,0,1,0,0,0,1,0,0,1,0,0,1,1,0,0,0,0,1,0,0,1,0,0,0,0,0,0,0
S02488,Pde1a_DO4_CATG,Pde1a,4CATGG,CATGG,0,1,0,1,0,0,0,1,1,0,0,0,0,1,0,0,0,1,0,1,0,0,1,0,0,1,0,0,1,0,0,0,0,0,0,0
S02489,Calb2_DO3_CCAA,Calb2,3CCAAT,CCAAC,0,1,0,1,0,0,0,1,0,1,0,0,0,1,1,0,0,0,0,1,1,0,0,0,0,1,0,1,0,0,0,0,0,0,0,0
S02493,Reln_DO4_ATAT,Reln,4ATATG,ATATG,0,1,1,0,0,0,0,1,0,0,0,1,0,1,1,0,0,0,0,1,0,0,0,1,0,1,0,0,1,0,0,0,0,0,0,0
P005.G12,Sst_432_AP1SWPLP,Sst,SW1CTGANA,SW1CTGA,0,0,0,0,0,0,0,0,0,0,0,0,0,0,0,0,0,0,0,0,0,0,0,0,0,0,0,0,0,0,0,0,1,0,0,0
S03322,Npy_287_AP2SWPLP_new,Npy,SW2ATGCNA,SW2ATGC,0,0,0,0,0,0,0,0,0,0,0,0,0,0,0,0,0,0,0,0,0,0,0,0,0,0,0,0,0,0,0,0,0,0,1,0
